{"Train_total_loss": 0.48614463210105896, "Val_total_loss": 0.5665704011917114, "_timestamp": 1647596870, "_runtime": 1101, "Train_BCE_loss": 0.38773074746131897, "Val_BCE_loss": 0.4425838887691498, "Train_dice_score": 0.9015861675143242, "Val_dice_score": 0.876013457775116, "Learning rate": 1.0000000000000004e-08, "_step": 200, "Validation Dataset Output Sample": {"_type": "image-file", "path": "media/images/Validation Dataset Output Sample_200_5c19ef5fb6c01777caa5.png", "sha256": "5c19ef5fb6c01777caa544005683d3caaa03baae2efb780c351aca792c090641", "size": 287667, "format": "png", "width": 1200, "height": 1200}}