{"Train_total_loss": 0.45521190762519836, "Val_total_loss": 0.5789402723312378, "_timestamp": 1647586964, "_runtime": 1135, "Train_BCE_loss": 0.3734135925769806, "Val_BCE_loss": 0.4582505226135254, "Train_dice_score": 0.918201707303524, "Val_dice_score": 0.87931028008461, "_step": 200, "Validation Dataset Output Sample": {"_type": "image-file", "path": "media/images/Validation Dataset Output Sample_200_e7b1e4e3c809386f3fe8.png", "sha256": "e7b1e4e3c809386f3fe8f842a48be2fb2c4baf20a114178365f9667d36e116bd", "size": 289318, "format": "png", "width": 1200, "height": 1200}}