{"Train_total_loss": 0.8132661581039429, "Val_total_loss": 0.8313148617744446, "_timestamp": 1647919963, "_runtime": 4494, "Train_BCE_loss": 0.5338605642318726, "Val_BCE_loss": 0.5286608934402466, "Train_dice_loss": 0.2794055640697479, "Val_dice_loss": 0.3026539087295532, "Learning rate": 1.0000000000000004e-08, "_step": 200, "Validation Dataset Output Sample": {"_type": "image-file", "path": "media/images/Validation Dataset Output Sample_200_2b8ef05427bb36ae88ac.png", "sha256": "2b8ef05427bb36ae88ac5a4622449222d497ec8aa2eed3ff6fc621cc782bdfc0", "size": 297403, "format": "png", "width": 1200, "height": 1200}}