{"Train_total_loss": 0.9664957523345947, "Val_total_loss": 0.9852210879325867, "_timestamp": 1647881837, "_runtime": 508, "Train_BCE_loss": 0.6070711612701416, "Val_BCE_loss": 0.6386357545852661, "Train_dice_loss": 0.3594246208667755, "Val_dice_loss": 0.3465852737426758, "Learning rate": 0.001, "_step": 22, "Validation Dataset Output Sample": {"_type": "image-file", "path": "media/images/Validation Dataset Output Sample_20_a4f27165d55ff6f99ae6.png", "sha256": "a4f27165d55ff6f99ae6e0a2c0fe4e42211755c439286cea76cdaf1d42754dbb", "size": 301109, "format": "png", "width": 1200, "height": 1200}}