{"Train_total_loss": 0.7537106275558472, "Val_total_loss": 0.6960803270339966, "_timestamp": 1647886470, "_runtime": 4515, "Train_BCE_loss": 0.5129052996635437, "Val_BCE_loss": 0.48484086990356445, "Train_dice_loss": 0.24080529808998108, "Val_dice_loss": 0.21123936772346497, "Learning rate": 1.0000000000000004e-08, "_step": 200, "Validation Dataset Output Sample": {"_type": "image-file", "path": "media/images/Validation Dataset Output Sample_200_8cefc891c2c812bd4418.png", "sha256": "8cefc891c2c812bd4418f1a5df9ad26c628a0ef24ca4e72f60f64ec91b0c3236", "size": 280867, "format": "png", "width": 1200, "height": 1200}}