{"Train_total_loss": 0.4372062683105469, "Val_total_loss": 0.5830684900283813, "_timestamp": 1647585511, "_runtime": 1095, "Train_BCE_loss": 0.3661002218723297, "Val_BCE_loss": 0.463622123003006, "Train_dice_score": 0.9288939610123634, "Val_dice_score": 0.8805536180734634, "_step": 200, "Validation Dataset Output Sample": {"_type": "image-file", "path": "media/images/Validation Dataset Output Sample_200_87b16f1d07dc769b3ad7.png", "sha256": "87b16f1d07dc769b3ad7c3ae23537a8ba3e97e3aa8b51d4c9ff8225739d33378", "size": 317402, "format": "png", "width": 1200, "height": 1200}}