{"Train_total_loss": 1.1562739610671997, "Val_total_loss": 1.1936535835266113, "_timestamp": 1647879306, "_runtime": 117, "Train_BCE_loss": 0.6937177777290344, "Val_BCE_loss": 0.7174887657165527, "Train_dice_loss": 0.4625561535358429, "Val_dice_loss": 0.4761647582054138, "Learning rate": 0.001, "_step": 22, "Validation Dataset Output Sample": {"_type": "image-file", "path": "media/images/Validation Dataset Output Sample_20_eeb44625ec12353cad55.png", "sha256": "eeb44625ec12353cad5578dd189af9ec230552752e26bcfad17eb5516b5909da", "size": 320645, "format": "png", "width": 1200, "height": 1200}}