{"Train_total_loss": 0.44855067133903503, "Val_total_loss": 0.6008270978927612, "_timestamp": 1647582639, "_runtime": 935, "Train_BCE_loss": 0.3704889416694641, "Val_BCE_loss": 0.4670933187007904, "Train_dice_score": 0.07806167006492615, "Val_dice_score": 0.13373377919197083, "_step": 199, "Validatin Dataset Output Sample": {"_type": "image-file", "path": "media/images/Validatin Dataset Output Sample_190_41012bf2a4266942b9fd.png", "sha256": "41012bf2a4266942b9fd070453dbb17764023698d67bcdc2eae943c452f8004c", "size": 371574, "format": "png", "width": 1200, "height": 1200}}